<?xml version="1.0" encoding="utf-8" ?><dwsync><file name="fulfill_appointment.php" server="Mac/Users/jer/Documents/DIP Website/" local="3465799466" remote="318763443858695978" Dst="-1" /><file name="fire_telemarketer.php" server="Mac/Users/jer/Documents/DIP Website/" local="3466407801" remote="318763443859304313" Dst="-1" /><file name="admin.php" server="Mac/Users/jer/Documents/DIP Website/" local="3466490615" remote="318763443859387127" Dst="-1" /><file name="formatting.php" server="Mac/Users/jer/Documents/DIP Website/" local="3466408566" remote="318763443859305078" Dst="-1" /><file name="manage_appointment.php" server="Mac/Users/jer/Documents/DIP Website/" local="3466497474" remote="318763443859393986" Dst="-1" /><file name="add_telemarketer.php" server="Mac/Users/jer/Documents/DIP Website/" local="3466091606" remote="318763443858988118" Dst="-1" /><file name="manage_telemarketer.php" server="Mac/Users/jer/Documents/DIP Website/" local="3466409911" remote="318763443859306423" Dst="-1" /><file name="manage_agent.php" server="Mac/Users/jer/Documents/DIP Website/" local="3466483596" remote="318763443859380108" Dst="-1" /><file name="edit_appointment.php" server="Mac/Users/jer/Documents/DIP Website/" local="3466408657" remote="318763443859305169" Dst="-1" /><file name="add_agent.php" server="Mac/Users/jer/Documents/DIP Website/" local="3466488809" remote="318763443859385321" Dst="-1" /></dwsync>